iso3,year,ngfs_ghg,catgen
AGO,2035,147.6961,b2c
AGO,2035,196.4829,b2c
AGO,2035,208.0037,cp
AGO,2035,249.9255,cp
AGO,2035,236.4287,fw
AGO,2035,200.2597,fw
AGO,2035,237.2755,nz
AGO,2035,211.9417,nz
ALB,2035,7.181,b2c
ALB,2035,15.8159,b2c
ALB,2035,16.9085,cp
ALB,2035,13.1895,cp
ALB,2035,13.6794,fw
ALB,2035,18.1469,fw
ALB,2035,13.7751,nz
ALB,2035,9.2601,nz
ARE,2035,72.6606,b2c
ARE,2035,141.1541,b2c
ARE,2035,171.7911,cp
ARE,2035,202.9448,cp
ARE,2035,162.3208,fw
ARE,2035,174.321,fw
ARE,2035,69.44889999999999,nz
ARE,2035,125.534,nz
ARG,2035,-379.655,b2c
ARG,2035,263.4291,b2c
ARG,2035,-34.5664,cp
ARG,2035,417.2852,cp
ARG,2035,326.6753,fw
ARG,2035,309.5128,fw
ARG,2035,-257.3597,nz
ARG,2035,235.1295,nz
ARM,2035,10.4559,b2c
ARM,2035,5.3108,b2c
ARM,2035,12.9765,cp
ARM,2035,15.2522,cp
ARM,2035,11.2932,fw
ARM,2035,13.0457,fw
ARM,2035,5.8498,nz
ARM,2035,9.248200000000001,nz
AUS,2035,-115.9059,b2c
AUS,2035,236.8723,b2c
AUS,2035,429.8964,cp
AUS,2035,233.1254,cp
AUS,2035,371.756,fw
AUS,2035,321.3337,fw
AUS,2035,174.3422,nz
AUS,2035,-70.2983,nz
AUT,2035,26.0966,b2c
AUT,2035,43.9207,b2c
AUT,2035,57.5314,cp
AUT,2035,55.0913,cp
AUT,2035,49.2231,fw
AUT,2035,48.2046,fw
AUT,2035,24.2219,nz
AUT,2035,39.6436,nz
AZE,2035,49.3761,b2c
AZE,2035,25.2757,b2c
AZE,2035,70.89230000000001,cp
AZE,2035,58.1287,cp
AZE,2035,56.298,fw
AZE,2035,63.8488,fw
AZE,2035,37.0929,nz
AZE,2035,27.0808,nz
BEL,2035,36.1632,b2c
BEL,2035,69.3562,b2c
BEL,2035,81.4744,cp
BEL,2035,89.5286,cp
BEL,2035,76.90860000000001,fw
BEL,2035,78.6212,fw
BEL,2035,34.6535,nz
BEL,2035,62.8396,nz
BEN,2035,-7.2513,b2c
BEN,2035,6.0971,b2c
BEN,2035,29.5319,cp
BEN,2035,14.0686,cp
BEN,2035,9.0268,fw
BEN,2035,17.0795,fw
BEN,2035,4.7253,nz
BEN,2035,-2.9323,nz
BGD,2035,218.8831,b2c
BGD,2035,188.4963,b2c
BGD,2035,438.6039,cp
BGD,2035,319.5151,cp
BGD,2035,253.0327,fw
BGD,2035,335.7428,fw
BGD,2035,129.1177,nz
BGD,2035,201.6089,nz
BGR,2035,12.0083,b2c
BGR,2035,27.6107,b2c
BGR,2035,26.8695,cp
BGR,2035,32.3404,cp
BGR,2035,23.7839,fw
BGR,2035,30.6597,fw
BGR,2035,12.7671,nz
BGR,2035,21.0715,nz
BHR,2035,12.8232,b2c
BHR,2035,21.6482,b2c
BHR,2035,29.4993,cp
BHR,2035,25.581,cp
BHR,2035,26.4323,fw
BHR,2035,26.0503,fw
BHR,2035,10.6535,nz
BHR,2035,18.6169,nz
BIH,2035,11.6156,b2c
BIH,2035,-3.0734,b2c
BIH,2035,12.6883,cp
BIH,2035,8.5877,cp
BIH,2035,9.9673,fw
BIH,2035,14.4798,fw
BIH,2035,3.8987,nz
BIH,2035,6.8775,nz
BLR,2035,36.1458,b2c
BLR,2035,3.4812,b2c
BLR,2035,45.5745,cp
BLR,2035,66.0984,cp
BLR,2035,42.6296,fw
BLR,2035,67.8514,fw
BLR,2035,21.9762,nz
BLR,2035,9.249000000000001,nz
BOL,2035,54.1518,b2c
BOL,2035,-12.4654,b2c
BOL,2035,59.2786,cp
BOL,2035,11.7148,cp
BOL,2035,55.4569,fw
BOL,2035,64.92529999999999,fw
BOL,2035,1.4334,nz
BOL,2035,49.4287,nz
BRA,2035,-1071.9977,b2c
BRA,2035,647.3826,b2c
BRA,2035,-93.2364,cp
BRA,2035,1327.7354,cp
BRA,2035,926.6573,fw
BRA,2035,330.7185,fw
BRA,2035,-873.0646,nz
BRA,2035,531.7214,nz
BRN,2035,4.449,b2c
BRN,2035,6.6302,b2c
BRN,2035,5.247,cp
BRN,2035,9.325900000000001,cp
BRN,2035,5.6038,fw
BRN,2035,9.390599999999999,fw
BRN,2035,4.8261,nz
BRN,2035,6.5269,nz
BWA,2035,-10.0222,b2c
BWA,2035,-16.2612,b2c
BWA,2035,-3.0629,cp
BWA,2035,3.4479,cp
BWA,2035,-6.457,fw
BWA,2035,-3.9631,fw
BWA,2035,-14.926,nz
BWA,2035,-10.9036,nz
CAN,2035,64.64700000000001,b2c
CAN,2035,407.8424,b2c
CAN,2035,613.5375,cp
CAN,2035,247.5724,cp
CAN,2035,459.6105,fw
CAN,2035,415.592,fw
CAN,2035,364.9391,nz
CAN,2035,122.8096,nz
CHE,2035,14.4641,b2c
CHE,2035,39.3101,b2c
CHE,2035,39.4615,cp
CHE,2035,44.4822,cp
CHE,2035,36.7499,fw
CHE,2035,46.3386,fw
CHE,2035,16.2022,nz
CHE,2035,37.2385,nz
CHL,2035,-18.9584,b2c
CHL,2035,4.9461,b2c
CHL,2035,57.9855,cp
CHL,2035,35.2781,cp
CHL,2035,35.7437,fw
CHL,2035,63.8383,fw
CHL,2035,-23.0224,nz
CHL,2035,-6.9997,nz
CHN,2035,3109.1246,b2c
CHN,2035,10992.1879,b2c
CHN,2035,11029.701,cp
CHN,2035,15176.9405,cp
CHN,2035,13311.9156,fw
CHN,2035,12803.188,fw
CHN,2035,9270.6047,nz
CHN,2035,3325.1601,nz
CIV,2035,54.1343,b2c
CIV,2035,74.3986,b2c
CIV,2035,125.1404,cp
CIV,2035,81.82940000000001,cp
CIV,2035,76.4502,fw
CIV,2035,86.667,fw
CIV,2035,69.9235,nz
CIV,2035,80.5372,nz
CMR,2035,45.9217,b2c
CMR,2035,69.8245,b2c
CMR,2035,79.02119999999999,cp
CMR,2035,98.68170000000001,cp
CMR,2035,84.3235,fw
CMR,2035,70.8754,fw
CMR,2035,71.9603,nz
CMR,2035,85.3767,nz
COD,2035,-492.4304,b2c
COD,2035,-232.8659,b2c
COD,2035,-56.9056,cp
COD,2035,-210.0214,cp
COD,2035,-227.9809,fw
COD,2035,-129.0251,fw
COD,2035,-107.8377,nz
COD,2035,-275.9363,nz
COG,2035,74.0622,b2c
COG,2035,83.69889999999999,b2c
COG,2035,90.00109999999999,cp
COG,2035,80.6918,cp
COG,2035,81.64790000000001,fw
COG,2035,88.7483,fw
COG,2035,96.7042,nz
COG,2035,91.44499999999999,nz
COL,2035,-193.0686,b2c
COL,2035,137.0203,b2c
COL,2035,281.2542,cp
COL,2035,12.1232,cp
COL,2035,203.4871,fw
COL,2035,199.4833,fw
COL,2035,-126.3337,nz
COL,2035,127.1205,nz
CRI,2035,4.9565,b2c
CRI,2035,15.7742,b2c
CRI,2035,19.1427,cp
CRI,2035,14.4566,cp
CRI,2035,19.941,fw
CRI,2035,14.8341,fw
CRI,2035,5.546,nz
CRI,2035,13.7608,nz
CUB,2035,15.1106,b2c
CUB,2035,-20.4604,b2c
CUB,2035,20.279,cp
CUB,2035,-1.3628,cp
CUB,2035,7.0142,fw
CUB,2035,23.3242,fw
CUB,2035,11.8778,nz
CUB,2035,-17.5182,nz
CYP,2035,7.7436,b2c
CYP,2035,2.6284,b2c
CYP,2035,9.9064,cp
CYP,2035,6.487,cp
CYP,2035,6.7053,fw
CYP,2035,8.6151,fw
CYP,2035,3.5554,nz
CYP,2035,7.1333,nz
CZE,2035,84.4923,b2c
CZE,2035,43.8164,b2c
CZE,2035,79.87350000000001,cp
CZE,2035,102.8676,cp
CZE,2035,83.5882,fw
CZE,2035,93.2055,fw
CZE,2035,48.1239,nz
CZE,2035,72.4614,nz
DEU,2035,180.0143,b2c
DEU,2035,402.5161,b2c
DEU,2035,577.3365,cp
DEU,2035,424.8604,cp
DEU,2035,465.2453,fw
DEU,2035,469,fw
DEU,2035,162.8903,nz
DEU,2035,305.2367,nz
DNK,2035,17.9033,b2c
DNK,2035,31.8372,b2c
DNK,2035,42.1516,cp
DNK,2035,35.6713,cp
DNK,2035,36.2394,fw
DNK,2035,34.6506,fw
DNK,2035,18.968,nz
DNK,2035,29.7205,nz
DOM,2035,13.2395,b2c
DOM,2035,36.4487,b2c
DOM,2035,31.2593,cp
DOM,2035,56.7598,cp
DOM,2035,31.2354,fw
DOM,2035,59.6445,fw
DOM,2035,28.3043,nz
DOM,2035,11.9863,nz
DZA,2035,131.4428,b2c
DZA,2035,292.831,b2c
DZA,2035,359.0231,cp
DZA,2035,248.1721,cp
DZA,2035,342.4788,fw
DZA,2035,254.9596,fw
DZA,2035,193.0836,nz
DZA,2035,134.2849,nz
ECU,2035,82.37569999999999,b2c
ECU,2035,30.0742,b2c
ECU,2035,96.82210000000001,cp
ECU,2035,61.9938,cp
ECU,2035,89.6545,fw
ECU,2035,101.1717,fw
ECU,2035,38.0443,nz
ECU,2035,77.40860000000001,nz
EGY,2035,556.9146,b2c
EGY,2035,252.2805,b2c
EGY,2035,525.9116,cp
EGY,2035,844.624,cp
EGY,2035,704.3986,fw
EGY,2035,514.7714999999999,fw
EGY,2035,251.8721,nz
EGY,2035,312.855,nz
ERI,2035,5.0183,b2c
ERI,2035,-.2219,b2c
ERI,2035,5.1108,cp
ERI,2035,8.948,cp
ERI,2035,6.9713,fw
ERI,2035,4.3889,fw
ERI,2035,4.7894,nz
ERI,2035,.6901,nz
ESP,2035,79.0213,b2c
ESP,2035,196.5419,b2c
ESP,2035,196.1269,cp
ESP,2035,234.5656,cp
ESP,2035,222.7457,fw
ESP,2035,205.6472,fw
ESP,2035,78.8869,nz
ESP,2035,184.1802,nz
EST,2035,8.300599999999999,b2c
EST,2035,.9847,b2c
EST,2035,7.3125,cp
EST,2035,10.8404,cp
EST,2035,8.677300000000001,fw
EST,2035,9.065099999999999,fw
EST,2035,4.2059,nz
EST,2035,8.599399999999999,nz
ETH,2035,51.9601,b2c
ETH,2035,164.6877,b2c
ETH,2035,172.8038,cp
ETH,2035,258.372,cp
ETH,2035,215.6183,fw
ETH,2035,145.3407,fw
ETH,2035,176.174,nz
ETH,2035,90.7072,nz
EUU,2035,840.1344999999999,b2c
EUU,2035,2116.052299999999,b2c
EUU,2035,2163.6676,cp
EUU,2035,2725.564199999999,cp
EUU,2035,2442.8867,fw
EUU,2035,2215.7488,fw
EUU,2035,879.7913000000001,nz
EUU,2035,1750.4221,nz
FIN,2035,-15.8137,b2c
FIN,2035,-.1626,b2c
FIN,2035,2.6952,cp
FIN,2035,.1104,cp
FIN,2035,.8595,fw
FIN,2035,-2.3708,fw
FIN,2035,-1.4183,nz
FIN,2035,-10.4219,nz
FRA,2035,150.3345,b2c
FRA,2035,293.9463,b2c
FRA,2035,389.1081,cp
FRA,2035,329.0399,cp
FRA,2035,301.7056,fw
FRA,2035,343.2212,fw
FRA,2035,263.0502,nz
FRA,2035,144.661,nz
GAB,2035,-87.7075,b2c
GAB,2035,-94.5549,b2c
GAB,2035,-89.6854,cp
GAB,2035,-92.2854,cp
GAB,2035,-90.4867,fw
GAB,2035,-89.4434,fw
GAB,2035,-82.0226,nz
GAB,2035,-78.4081,nz
GBR,2035,130.046,b2c
GBR,2035,301.9576,b2c
GBR,2035,399.6716,cp
GBR,2035,323.8614,cp
GBR,2035,354.0944,fw
GBR,2035,311.9317,fw
GBR,2035,117.1083,nz
GBR,2035,244.6474,nz
GEO,2035,23.9922,b2c
GEO,2035,16.0263,b2c
GEO,2035,31.4205,cp
GEO,2035,28.3318,cp
GEO,2035,29.2212,fw
GEO,2035,25.5527,fw
GEO,2035,23.0293,nz
GEO,2035,17.6248,nz
GHA,2035,60.0563,b2c
GHA,2035,30.9258,b2c
GHA,2035,86.78230000000001,cp
GHA,2035,120.6404,cp
GHA,2035,84.8899,fw
GHA,2035,69.51009999999999,fw
GHA,2035,62.1717,nz
GHA,2035,44.9907,nz
GIB,2035,0,b2c
GIB,2035,0,b2c
GIB,2035,0,cp
GIB,2035,0,cp
GIB,2035,0,fw
GIB,2035,0,fw
GIB,2035,0,nz
GIB,2035,0,nz
GRC,2035,71.7427,b2c
GRC,2035,25.7013,b2c
GRC,2035,75.8998,cp
GRC,2035,64.1221,cp
GRC,2035,67.9384,fw
GRC,2035,70.6045,fw
GRC,2035,70.8446,nz
GRC,2035,34.69,nz
GTM,2035,35.5779,b2c
GTM,2035,-15.5529,b2c
GTM,2035,48.1794,cp
GTM,2035,8.9565,cp
GTM,2035,48.1222,fw
GTM,2035,25.9661,fw
GTM,2035,-9.2354,nz
GTM,2035,29.4619,nz
HKG,2035,32.8564,b2c
HKG,2035,21.6122,b2c
HKG,2035,30.4887,cp
HKG,2035,43.2425,cp
HKG,2035,37.9644,fw
HKG,2035,34.2635,fw
HKG,2035,30.2091,nz
HKG,2035,20.0561,nz
HND,2035,-26.5964,b2c
HND,2035,9.472300000000001,b2c
HND,2035,11.7161,cp
HND,2035,-9.623200000000001,cp
HND,2035,12.606,fw
HND,2035,1.3417,fw
HND,2035,6.8144,nz
HND,2035,-21.5052,nz
HRV,2035,.666,b2c
HRV,2035,18.6689,b2c
HRV,2035,17.2324,cp
HRV,2035,21.1897,cp
HRV,2035,22.1348,fw
HRV,2035,18.2695,fw
HRV,2035,6.7168,nz
HRV,2035,16.7903,nz
HTI,2035,.5521,b2c
HTI,2035,14.3725,b2c
HTI,2035,8.6754,cp
HTI,2035,17.4715,cp
HTI,2035,17.3357,fw
HTI,2035,13.6538,fw
HTI,2035,2.4587,nz
HTI,2035,13.2964,nz
HUN,2035,25.7911,b2c
HUN,2035,53.5955,b2c
HUN,2035,64.7574,cp
HUN,2035,51.016,cp
HUN,2035,59.5755,fw
HUN,2035,48.8269,fw
HUN,2035,25.2216,nz
HUN,2035,40.1143,nz
IDN,2035,-638.1858,b2c
IDN,2035,972.9064,b2c
IDN,2035,1658.5712,cp
IDN,2035,1071.8756,cp
IDN,2035,1376.9343,fw
IDN,2035,1570.3943,fw
IDN,2035,774.8777,nz
IDN,2035,-59.6522,nz
IND,2035,2096.2614,b2c
IND,2035,2868.7667,b2c
IND,2035,6032.2902,cp
IND,2035,4632.305,cp
IND,2035,4231.5972,fw
IND,2035,3657.8558,fw
IND,2035,1980.2494,nz
IND,2035,2623.0034,nz
IRL,2035,68.99769999999999,b2c
IRL,2035,32.4496,b2c
IRL,2035,79.7389,cp
IRL,2035,63.2858,cp
IRL,2035,65.1687,fw
IRL,2035,72.3018,fw
IRL,2035,41.7978,nz
IRL,2035,66.1236,nz
IRN,2035,889.9708000000001,b2c
IRN,2035,437.8484,b2c
IRN,2035,1147.9469,cp
IRN,2035,1070.083,cp
IRN,2035,1035.6214,fw
IRN,2035,1069.7456,fw
IRN,2035,431.8364,nz
IRN,2035,651.3713,nz
IRQ,2035,358.0471,b2c
IRQ,2035,192.8714,b2c
IRQ,2035,373.8613,cp
IRQ,2035,407.6282,cp
IRQ,2035,418.6293,fw
IRQ,2035,374.2146,fw
IRQ,2035,193.809,nz
IRQ,2035,330.3852,nz
ISL,2035,8.944800000000001,b2c
ISL,2035,14.2171,b2c
ISL,2035,13.7327,cp
ISL,2035,11.0766,cp
ISL,2035,14.5025,fw
ISL,2035,10.5961,fw
ISL,2035,9.538500000000001,nz
ISL,2035,13.9757,nz
ISR,2035,31.1591,b2c
ISR,2035,73.86499999999999,b2c
ISR,2035,99.4764,cp
ISR,2035,75.23480000000001,cp
ISR,2035,86.1968,fw
ISR,2035,94.80710000000001,fw
ISR,2035,30.7773,nz
ISR,2035,56.2974,nz
ITA,2035,96.2106,b2c
ITA,2035,265.4677,b2c
ITA,2035,329.7808,cp
ITA,2035,274.0262,cp
ITA,2035,265.6289,fw
ITA,2035,306.9803,fw
ITA,2035,98.7898,nz
ITA,2035,225.6594,nz
JAM,2035,9.190099999999999,b2c
JAM,2035,-.0042,b2c
JAM,2035,5.8107,cp
JAM,2035,10.5962,cp
JAM,2035,11.4165,fw
JAM,2035,8.5502,fw
JAM,2035,1.0615,nz
JAM,2035,8.471399999999999,nz
JOR,2035,33.6372,b2c
JOR,2035,18.5097,b2c
JOR,2035,33.8614,cp
JOR,2035,37.3617,cp
JOR,2035,37.9571,fw
JOR,2035,30.4018,fw
JOR,2035,18.3462,nz
JOR,2035,31.5799,nz
JPN,2035,207.8616,b2c
JPN,2035,609.367,b2c
JPN,2035,674.2607,cp
JPN,2035,871.4032,cp
JPN,2035,745.0354,fw
JPN,2035,614.8151,fw
JPN,2035,197.0558,nz
JPN,2035,558.317,nz
KAZ,2035,201.1361,b2c
KAZ,2035,-51.5151,b2c
KAZ,2035,264.6196,cp
KAZ,2035,361.3823,cp
KAZ,2035,231.0956,fw
KAZ,2035,345.795,fw
KAZ,2035,133.2191,nz
KAZ,2035,9.789400000000001,nz
KEN,2035,69.20650000000001,b2c
KEN,2035,130.6745,b2c
KEN,2035,156.2396,cp
KEN,2035,197.0698,cp
KEN,2035,122.5973,fw
KEN,2035,159.0513,fw
KEN,2035,90.7552,nz
KEN,2035,134.7683,nz
KGZ,2035,13.4625,b2c
KGZ,2035,7.4711,b2c
KGZ,2035,21.7352,cp
KGZ,2035,7.6173,cp
KGZ,2035,10.3622,fw
KGZ,2035,15.8906,fw
KGZ,2035,8.045299999999999,nz
KGZ,2035,12.4987,nz
KHM,2035,152.3421,b2c
KHM,2035,75.7762,b2c
KHM,2035,177.1556,cp
KHM,2035,137.0891,cp
KHM,2035,135.0291,fw
KHM,2035,167.3534,fw
KHM,2035,110.9146,nz
KHM,2035,153.26,nz
KOR,2035,378.1234,b2c
KOR,2035,189.1651,b2c
KOR,2035,619.901,cp
KOR,2035,477.7101,cp
KOR,2035,544.5026,fw
KOR,2035,478.7825,fw
KOR,2035,325.4987,nz
KOR,2035,165.1912,nz
KWT,2035,38.7487,b2c
KWT,2035,66.93389999999999,b2c
KWT,2035,70.51560000000001,cp
KWT,2035,80.7029,cp
KWT,2035,64.496,fw
KWT,2035,81.3522,fw
KWT,2035,33.5537,nz
KWT,2035,61.5415,nz
LBN,2035,12.8701,b2c
LBN,2035,22.2005,b2c
LBN,2035,17.7258,cp
LBN,2035,23.7906,cp
LBN,2035,24.2245,fw
LBN,2035,16.7126,fw
LBN,2035,11.1234,nz
LBN,2035,20.668,nz
LBY,2035,27.426,b2c
LBY,2035,41.3933,b2c
LBY,2035,43.5704,cp
LBY,2035,53.6718,cp
LBY,2035,44.2842,fw
LBY,2035,47.9439,fw
LBY,2035,30.2306,nz
LBY,2035,27.0762,nz
LKA,2035,23.061,b2c
LKA,2035,48.3819,b2c
LKA,2035,90.41840000000001,cp
LKA,2035,39.8078,cp
LKA,2035,59.5846,fw
LKA,2035,33.5325,fw
LKA,2035,26.6689,nz
LKA,2035,47.9062,nz
LTU,2035,9.2651,b2c
LTU,2035,-3.9337,b2c
LTU,2035,7.3523,cp
LTU,2035,13.1139,cp
LTU,2035,10.2629,fw
LTU,2035,8.9216,fw
LTU,2035,.2121,nz
LTU,2035,8.550599999999999,nz
LUX,2035,2.3155,b2c
LUX,2035,4.9047,b2c
LUX,2035,6.1952,cp
LUX,2035,5.0301,cp
LUX,2035,5.1772,fw
LUX,2035,5.223,fw
LUX,2035,1.9598,nz
LUX,2035,4.2476,nz
LVA,2035,9.0472,b2c
LVA,2035,-2.2098,b2c
LVA,2035,6.6698,cp
LVA,2035,11.2324,cp
LVA,2035,9.4895,fw
LVA,2035,7.2636,fw
LVA,2035,9.184200000000001,nz
LVA,2035,2.5211,nz
MAR,2035,119.901,b2c
MAR,2035,72.616,b2c
MAR,2035,131.2496,cp
MAR,2035,148.8909,cp
MAR,2035,132.1276,fw
MAR,2035,147.4448,fw
MAR,2035,75.3379,nz
MAR,2035,93.4979,nz
MDA,2035,15.7194,b2c
MDA,2035,5.664,b2c
MDA,2035,18.8958,cp
MDA,2035,24.9197,cp
MDA,2035,24.703,fw
MDA,2035,17.4462,fw
MDA,2035,13.6093,nz
MDA,2035,6.9269,nz
MEX,2035,407.9461,b2c
MEX,2035,-397.0905,b2c
MEX,2035,657.5783,cp
MEX,2035,57.1303,cp
MEX,2035,685.5507,fw
MEX,2035,330.4404,fw
MEX,2035,336.0422,nz
MEX,2035,-319.2284,nz
MKD,2035,-5.4393,b2c
MKD,2035,11.196,b2c
MKD,2035,10.5769,cp
MKD,2035,11.5975,cp
MKD,2035,12.5416,fw
MKD,2035,12.9334,fw
MKD,2035,11.335,nz
MKD,2035,4.295,nz
MLI,2035,-137.2439,b2c
MLI,2035,-180.3736,b2c
MLI,2035,-132.8051,cp
MLI,2035,-98.9849,cp
MLI,2035,-103.1018,fw
MLI,2035,-140.5984,fw
MLI,2035,-171.8697,nz
MLI,2035,-142.8856,nz
MLT,2035,.6107,b2c
MLT,2035,1.3222,b2c
MLT,2035,1.3422,cp
MLT,2035,2.0768,cp
MLT,2035,1.142,fw
MLT,2035,1.6332,fw
MLT,2035,1.1534,nz
MLT,2035,.6352,nz
MMR,2035,-161.0715,b2c
MMR,2035,-36.8312,b2c
MMR,2035,-40.246,cp
MMR,2035,-56.1595,cp
MMR,2035,-28.406,fw
MMR,2035,-41.0981,fw
MMR,2035,-43.4706,nz
MMR,2035,-106.4658,nz
MNE,2035,-6.6925,b2c
MNE,2035,1.4248,b2c
MNE,2035,.6147,cp
MNE,2035,1.5254,cp
MNE,2035,2.2328,fw
MNE,2035,.7594,fw
MNE,2035,1.5583,nz
MNE,2035,-1.3189,nz
MNG,2035,27.5824,b2c
MNG,2035,8.900499999999999,b2c
MNG,2035,41.2561,cp
MNG,2035,32.2552,cp
MNG,2035,37.2651,fw
MNG,2035,32.3433,fw
MNG,2035,16.5886,nz
MNG,2035,29.7947,nz
MOZ,2035,94.9349,b2c
MOZ,2035,72.5179,b2c
MOZ,2035,110.8293,cp
MOZ,2035,90.90170000000001,cp
MOZ,2035,90.61069999999999,fw
MOZ,2035,117.1125,fw
MOZ,2035,100.7049,nz
MOZ,2035,113.771,nz
MUS,2035,1.819,b2c
MUS,2035,.3405,b2c
MUS,2035,3.9436,cp
MUS,2035,5.8312,cp
MUS,2035,1.5399,fw
MUS,2035,3.7892,fw
MUS,2035,1.5125,nz
MUS,2035,.2155,nz
MYS,2035,-80.5583,b2c
MYS,2035,-373.7849,b2c
MYS,2035,-60.0181,cp
MYS,2035,59.8323,cp
MYS,2035,-55.2847,fw
MYS,2035,52.9366,fw
MYS,2035,-280.2598,nz
MYS,2035,-111.3633,nz
NAM,2035,-110.3185,b2c
NAM,2035,-112.7719,b2c
NAM,2035,-105.1023,cp
NAM,2035,-109.2297,cp
NAM,2035,-110.6322,fw
NAM,2035,-105.2382,fw
NAM,2035,-111.2791,nz
NAM,2035,-112.9136,nz
NER,2035,-35.3147,b2c
NER,2035,-19.0734,b2c
NER,2035,-7.9637,cp
NER,2035,4.3311,cp
NER,2035,-4.4121,fw
NER,2035,-15.2131,fw
NER,2035,-22.196,nz
NER,2035,-31.7515,nz
NGA,2035,602.6815,b2c
NGA,2035,735.1006,b2c
NGA,2035,1041.9801,cp
NGA,2035,797.3067,cp
NGA,2035,806.2441,fw
NGA,2035,781.6457,fw
NGA,2035,593.1421,nz
NGA,2035,614.3625,nz
NIC,2035,-32.8205,b2c
NIC,2035,21.3166,b2c
NIC,2035,-12.6954,cp
NIC,2035,24.167,cp
NIC,2035,13.7155,fw
NIC,2035,27.0567,fw
NIC,2035,-23.1361,nz
NIC,2035,19.005,nz
NLD,2035,65.8678,b2c
NLD,2035,119.523,b2c
NLD,2035,122.8561,cp
NLD,2035,153.68,cp
NLD,2035,134.1528,fw
NLD,2035,117.6561,fw
NLD,2035,58.1733,nz
NLD,2035,88.5064,nz
NOR,2035,31.4591,b2c
NOR,2035,-15.7884,b2c
NOR,2035,8.3512,cp
NOR,2035,26.3401,cp
NOR,2035,11.0558,fw
NOR,2035,33.2306,fw
NOR,2035,30.9136,nz
NOR,2035,-9.2302,nz
NPL,2035,76.4134,b2c
NPL,2035,81.8094,b2c
NPL,2035,92.9058,cp
NPL,2035,144.7865,cp
NPL,2035,96.699,fw
NPL,2035,90.6891,fw
NPL,2035,82.7283,nz
NPL,2035,74.7822,nz
NZL,2035,34.027,b2c
NZL,2035,61.9422,b2c
NZL,2035,76.8677,cp
NZL,2035,81.88079999999999,cp
NZL,2035,66.69750000000001,fw
NZL,2035,73.1134,fw
NZL,2035,53.0122,nz
NZL,2035,38.8218,nz
OMN,2035,55.1573,b2c
OMN,2035,32.6174,b2c
OMN,2035,75.6895,cp
OMN,2035,63.902,cp
OMN,2035,60.777,fw
OMN,2035,69.892,fw
OMN,2035,49.9066,nz
OMN,2035,31.8457,nz
PAK,2035,534.2356,b2c
PAK,2035,447.1478,b2c
PAK,2035,598.4328,cp
PAK,2035,972.8382,cp
PAK,2035,566.3493,fw
PAK,2035,599.9207,fw
PAK,2035,548.2752,nz
PAK,2035,354.4639,nz
PAN,2035,-11.7772,b2c
PAN,2035,-32.3255,b2c
PAN,2035,-22.2696,cp
PAN,2035,-7.5532,cp
PAN,2035,-6.4749,fw
PAN,2035,-15.2405,fw
PAN,2035,-30.4419,nz
PAN,2035,-14.4716,nz
PER,2035,164.2473,b2c
PER,2035,76.1514,b2c
PER,2035,187.1801,cp
PER,2035,131.0225,cp
PER,2035,179.6196,fw
PER,2035,196.5094,fw
PER,2035,152.4979,nz
PER,2035,88.1361,nz
PHL,2035,386.7365,b2c
PHL,2035,182.6138,b2c
PHL,2035,503.1789,cp
PHL,2035,392.1432,cp
PHL,2035,487.0019,fw
PHL,2035,441.2985,fw
PHL,2035,354.6852,nz
PHL,2035,249.7941,nz
POL,2035,279.4393,b2c
POL,2035,82.9289,b2c
POL,2035,213.5059,cp
POL,2035,347.3795,cp
POL,2035,246.8057,fw
POL,2035,325.3763,fw
POL,2035,156.9526,nz
POL,2035,89.29810000000001,nz
PRK,2035,28.6455,b2c
PRK,2035,62.9168,b2c
PRK,2035,53.4016,cp
PRK,2035,66.5322,cp
PRK,2035,69.17570000000001,fw
PRK,2035,59.6724,fw
PRK,2035,32.9381,nz
PRK,2035,63.7954,nz
PRT,2035,22.4453,b2c
PRT,2035,44.9551,b2c
PRT,2035,53.0674,cp
PRT,2035,45.016,cp
PRT,2035,44.1736,fw
PRT,2035,51.0498,fw
PRT,2035,21.2408,nz
PRT,2035,40.0598,nz
PRY,2035,-103.8951,b2c
PRY,2035,-5.315,b2c
PRY,2035,16.2663,cp
PRY,2035,-63.079,cp
PRY,2035,21.6084,fw
PRY,2035,7.0835,fw
PRY,2035,-8.0951,nz
PRY,2035,-78.66889999999999,nz
QAT,2035,80.0119,b2c
QAT,2035,128.885,b2c
QAT,2035,165.5136,cp
QAT,2035,149.9005,cp
QAT,2035,152.4635,fw
QAT,2035,144.6694,fw
QAT,2035,77.6939,nz
QAT,2035,119.1999,nz
ROU,2035,2.2324,b2c
ROU,2035,51.9793,b2c
ROU,2035,74.8381,cp
ROU,2035,50.6106,cp
ROU,2035,53.5829,fw
ROU,2035,61.0103,fw
ROU,2035,10.597,nz
ROU,2035,42.7282,nz
RUS,2035,-459.656,b2c
RUS,2035,833.8696,b2c
RUS,2035,1646.8479,cp
RUS,2035,587.3953,cp
RUS,2035,1707.4528,fw
RUS,2035,439.106,fw
RUS,2035,-159.7074,nz
RUS,2035,625.9207,nz
SAU,2035,223.0168,b2c
SAU,2035,493.5918,b2c
SAU,2035,623.596,cp
SAU,2035,476.1622,cp
SAU,2035,647.3326,fw
SAU,2035,439.3707,fw
SAU,2035,423.8772,nz
SAU,2035,215.7371,nz
SDN,2035,84.64,b2c
SDN,2035,46.174,b2c
SDN,2035,67.7251,cp
SDN,2035,112.5403,cp
SDN,2035,88.14490000000001,fw
SDN,2035,63.9689,fw
SDN,2035,81.9803,nz
SDN,2035,43.6774,nz
SEN,2035,13.4527,b2c
SEN,2035,23.6622,b2c
SEN,2035,50.7767,cp
SEN,2035,39.2627,cp
SEN,2035,25.0731,fw
SEN,2035,37.8912,fw
SEN,2035,20.8342,nz
SEN,2035,15.5731,nz
SGP,2035,41.9059,b2c
SGP,2035,23.7112,b2c
SGP,2035,88.9376,cp
SGP,2035,32.3108,cp
SGP,2035,75.1396,fw
SGP,2035,28.1577,fw
SGP,2035,17.8407,nz
SGP,2035,35.0572,nz
SLV,2035,21.3499,b2c
SLV,2035,10.3262,b2c
SLV,2035,23.0095,cp
SLV,2035,17.2889,cp
SLV,2035,19.3862,fw
SLV,2035,23.5262,fw
SLV,2035,11.5726,nz
SLV,2035,20.5518,nz
SRB,2035,46.8207,b2c
SRB,2035,9.8698,b2c
SRB,2035,56.7938,cp
SRB,2035,36.3071,cp
SRB,2035,40.0289,fw
SRB,2035,59.5562,fw
SRB,2035,13.8909,nz
SRB,2035,35.2955,nz
SSD,2035,46.2062,b2c
SSD,2035,72.4873,b2c
SSD,2035,61.0883,cp
SSD,2035,63.5894,cp
SSD,2035,67.1681,fw
SSD,2035,65.44459999999999,fw
SSD,2035,89.514,nz
SSD,2035,65.5956,nz
SUR,2035,-3.1845,b2c
SUR,2035,1.3109,b2c
SUR,2035,.3887,cp
SUR,2035,-3.1304,cp
SUR,2035,.2832,fw
SUR,2035,-.1746,fw
SUR,2035,1.0258,nz
SUR,2035,-2.1032,nz
SVK,2035,5.2477,b2c
SVK,2035,19.2147,b2c
SVK,2035,26.4477,cp
SVK,2035,21.1306,cp
SVK,2035,20.1253,fw
SVK,2035,21.6981,fw
SVK,2035,7.196,nz
SVK,2035,17.1976,nz
SVN,2035,6.229,b2c
SVN,2035,-.2196,b2c
SVN,2035,9.5106,cp
SVN,2035,7.3904,cp
SVN,2035,6.11,fw
SVN,2035,8.0884,fw
SVN,2035,.6419,nz
SVN,2035,4.5577,nz
SWE,2035,-36.197,b2c
SWE,2035,-49.1266,b2c
SWE,2035,-30.7836,cp
SWE,2035,-33.1752,cp
SWE,2035,-36.4949,fw
SWE,2035,-35.4425,fw
SWE,2035,-34.7663,nz
SWE,2035,-42.412,nz
SYR,2035,46.2942,b2c
SYR,2035,87.9438,b2c
SYR,2035,87.4293,cp
SYR,2035,103.5788,cp
SYR,2035,104.6608,fw
SYR,2035,87.9757,fw
SYR,2035,46.2842,nz
SYR,2035,81.28740000000001,nz
TGO,2035,31.7982,b2c
TGO,2035,44.1883,b2c
TGO,2035,44.6719,cp
TGO,2035,54.7518,cp
TGO,2035,42.3623,fw
TGO,2035,53.999,fw
TGO,2035,34.8496,nz
TGO,2035,43.2984,nz
THA,2035,145.3028,b2c
THA,2035,-221.96,b2c
THA,2035,322.2591,cp
THA,2035,189.6746,cp
THA,2035,304.3297,fw
THA,2035,210.6554,fw
THA,2035,-103.5316,nz
THA,2035,97.2972,nz
TJK,2035,22.6504,b2c
TJK,2035,19.9666,b2c
TJK,2035,28.003,cp
TJK,2035,16.4552,cp
TJK,2035,20.5542,fw
TJK,2035,24.3396,fw
TJK,2035,19.6689,nz
TJK,2035,21.2747,nz
TKM,2035,52.5866,b2c
TKM,2035,86.042,b2c
TKM,2035,84.6772,cp
TKM,2035,111.8423,cp
TKM,2035,108.4021,fw
TKM,2035,83.62179999999999,fw
TKM,2035,51.0686,nz
TKM,2035,75.39190000000001,nz
TTO,2035,28.3151,b2c
TTO,2035,18.3967,b2c
TTO,2035,24.6286,cp
TTO,2035,34.9477,cp
TTO,2035,24.1494,fw
TTO,2035,33.763,fw
TTO,2035,17.9827,nz
TTO,2035,25.6142,nz
TUN,2035,59.5676,b2c
TUN,2035,34.1734,b2c
TUN,2035,72.1126,cp
TUN,2035,55.574,cp
TUN,2035,56.2896,fw
TUN,2035,69.9401,fw
TUN,2035,35.2252,nz
TUN,2035,46.2617,nz
TUR,2035,492.8696,b2c
TUR,2035,138.6019,b2c
TUR,2035,427.7243,cp
TUR,2035,628.846,cp
TUR,2035,622.1238,fw
TUR,2035,532.4385,fw
TUR,2035,360.7511,nz
TUR,2035,180.1258,nz
TWN,2035,151.2328,b2c
TWN,2035,22.749,b2c
TWN,2035,30.72,cp
TWN,2035,239.6531,cp
TWN,2035,235.5501,fw
TWN,2035,32.5874,fw
TWN,2035,16.2892,nz
TWN,2035,119.6715,nz
TZA,2035,-90.9559,b2c
TZA,2035,54.3368,b2c
TZA,2035,80.4025,cp
TZA,2035,214.595,cp
TZA,2035,142.4399,fw
TZA,2035,53.6175,fw
TZA,2035,-19.2711,nz
TZA,2035,74.3526,nz
UGA,2035,108.9993,b2c
UGA,2035,77.9393,b2c
UGA,2035,102.1369,cp
UGA,2035,138.9244,cp
UGA,2035,120.0661,fw
UGA,2035,100.5845,fw
UGA,2035,101.2221,nz
UGA,2035,123.9648,nz
UKR,2035,193.6293,b2c
UKR,2035,129.1586,b2c
UKR,2035,289.6914,cp
UKR,2035,219.2108,cp
UKR,2035,212.8719,fw
UKR,2035,301.2479,fw
UKR,2035,166.4175,nz
UKR,2035,133.9916,nz
URY,2035,-19.8585,b2c
URY,2035,14.3927,b2c
URY,2035,.2673,cp
URY,2035,25.0051,cp
URY,2035,30.4906,fw
URY,2035,20.7289,fw
URY,2035,10.7638,nz
URY,2035,-12.9663,nz
USA,2035,1157.9722,b2c
USA,2035,2949.5743,b2c
USA,2035,3821.6509,cp
USA,2035,3635.361,cp
USA,2035,2981.4922,fw
USA,2035,3787.3689,fw
USA,2035,1068.2747,nz
USA,2035,2131.2055,nz
UZB,2035,165.1398,b2c
UZB,2035,107.5198,b2c
UZB,2035,223.7369,cp
UZB,2035,171.7283,cp
UZB,2035,176.3713,fw
UZB,2035,200.413,fw
UZB,2035,106.3662,nz
UZB,2035,146.3404,nz
VEN,2035,174.0304,b2c
VEN,2035,83.7966,b2c
VEN,2035,205.9944,cp
VEN,2035,178.033,cp
VEN,2035,203.8427,fw
VEN,2035,203.4556,fw
VEN,2035,158.9156,nz
VEN,2035,93.58929999999999,nz
VNM,2035,253.3789,b2c
VNM,2035,-148.8843,b2c
VNM,2035,615.6717,cp
VNM,2035,532.2224,cp
VNM,2035,553.6128,fw
VNM,2035,521.7936999999999,fw
VNM,2035,205.3923,nz
VNM,2035,-47.8774,nz
YEM,2035,56.0227,b2c
YEM,2035,94.6073,b2c
YEM,2035,94.40049999999999,cp
YEM,2035,68.4164,cp
YEM,2035,67.15260000000001,fw
YEM,2035,85.6664,fw
YEM,2035,56.9431,nz
YEM,2035,92.7782,nz
ZAF,2035,88.2159,b2c
ZAF,2035,273.5634,b2c
ZAF,2035,725.1686,cp
ZAF,2035,422.3921,cp
ZAF,2035,304.596,fw
ZAF,2035,328.1775,fw
ZAF,2035,231.3641,nz
ZAF,2035,84.437,nz
ZMB,2035,26.0939,b2c
ZMB,2035,-7.4775,b2c
ZMB,2035,119.7062,cp
ZMB,2035,23.3677,cp
ZMB,2035,15.1116,fw
ZMB,2035,43.2943,fw
ZMB,2035,51.6626,nz
ZMB,2035,29.0645,nz
ZWE,2035,4.9843,b2c
ZWE,2035,22.876,b2c
ZWE,2035,39.1069,cp
ZWE,2035,110.8495,cp
ZWE,2035,38.2523,fw
ZWE,2035,24.4578,fw
ZWE,2035,21.4633,nz
ZWE,2035,11.224,nz
